{
  "mean": [
    0.618738,
    0.61940384,
    0.6039725
  ],
  "std": [
    0.36482072,
    0.3620487,
    0.36871767
  ]
}